role,skills
Data Scientist,"Python, SQL, Machine Learning, Data Analysis, Statistics, Pandas"
DevOps Engineer,"AWS, Docker, Kubernetes, CI/CD, Automation, Linux"
Backend Developer,"Java, Python, SQL, APIs, Databases, System Design"
Frontend Developer,"JavaScript, React, HTML, CSS, UI Design, Web Design"
Cloud Architect,"AWS, Azure, Cloud Computing, Networking, Security, Automation"
Machine Learning Engineer,"Python, Machine Learning, TensorFlow, Deep Learning, Data Structures, Algorithms"
Full Stack Developer,"JavaScript, Python, React, SQL, APIs, HTML, CSS"
Data Analyst,"SQL, Excel, Data Analysis, Python, Statistics, Data Visualization"
Cybersecurity Analyst,"Networking, Security, Linux, Python, Risk Assessment, Cloud Computing"
System Administrator,"Linux, Networking, Automation, Scripting, Cloud Computing, Security"
Database Administrator,"SQL, Databases, Data Modeling, Performance Tuning, Backup Recovery, Linux"
AI Research Engineer,"Python, Machine Learning, Deep Learning, Algorithms, Statistics, Data Structures"
Mobile App Developer,"Java, Kotlin, Swift, UI Design, APIs, Mobile Development"
Site Reliability Engineer,"Linux, Automation, Kubernetes, Docker, Monitoring, CI/CD"
QA Automation Engineer,"Python, Automation, Testing, Scripting, CI/CD, Algorithms"
Blockchain Developer,
